{
    "lgb_auc": 0.930847520792994,
    "xgb_auc": 0.9308908120269319,
    "cat_auc": 0.934535155562401,
    "ensemble_auc": 0.9330581103678931
}