{
    "xgb": {
        "learning_rate": 0.03686384464380297,
        "max_depth": 4,
        "subsample": 0.7395390678457665,
        "colsample_bytree": 0.9140420078559068,
        "reg_alpha": 0.1898049621569031,
        "reg_lambda": 1.5387290722749205
    },
    "lgb": {
        "n_estimators": 2000,
        "learning_rate": 0.03,
        "num_leaves": 31,
        "colsample_bytree": 0.8,
        "subsample": 0.8
    },
    "cat": {
        "iterations": 2000,
        "learning_rate": 0.03,
        "depth": 6
    }
}