{
    "lgb_auc": 0.9233234548274951,
    "xgb_auc": 0.9300589959954234,
    "cat_auc": 0.9346377178313678,
    "ensemble_auc": 0.9317451262981868
}